﻿{
  "Descriptor": {
    "UId": "a71395c3-dee4-5f2a-d0c9-dc8a616495d0",
    "Name": "SysAdminUnit_Finance",
    "ModifiedOnUtc": "\/Date(1750668025000)\/",
    "InstallType": 0,
    "Schema": {
      "UId": "84f44b9a-4bc3-4cbf-a1a8-cec02c1c029c",
      "Name": "SysAdminUnit"
    },
    "Columns": [
      {
        "ColumnUId": "ae0e45ca-c495-4fe7-a39d-3ab7278e1617",
        "IsForceUpdate": false,
        "IsKey": true,
        "ColumnName": "Id",
        "DataTypeValueUId": "23018567-a13c-4320-8687-fd6f9e3699bd"
      },
      {
        "ColumnUId": "736c30a7-c0ec-4fa9-b034-2552b319b633",
        "IsForceUpdate": false,
        "IsKey": false,
        "ColumnName": "Name",
        "DataTypeValueUId": "ddb3a1ee-07e8-4d62-b7a9-d0e618b00fbd"
      },
      {
        "ColumnUId": "05285753-233b-1ead-c796-b94edb80dd9a",
        "IsForceUpdate": false,
        "IsKey": false,
        "ColumnName": "OpenIDSub",
        "DataTypeValueUId": "ddb3a1ee-07e8-4d62-b7a9-d0e618b00fbd"
      },
      {
        "ColumnUId": "4d03eb04-195b-43e5-9238-c9864b08b44b",
        "IsForceUpdate": false,
        "IsKey": false,
        "ColumnName": "PasswordExpireDate",
        "DataTypeValueUId": "d21e9ef4-c064-4012-b286-fa1a8171da44"
      },
      {
        "ColumnUId": "a059e7cc-2a06-4b03-96ac-473b705515ad",
        "IsForceUpdate": false,
        "IsKey": false,
        "ColumnName": "LDAPEntryId",
        "DataTypeValueUId": "ddb3a1ee-07e8-4d62-b7a9-d0e618b00fbd"
      },
      {
        "ColumnUId": "9e53fd7c-dde4-4502-a64c-b9e34148108b",
        "IsForceUpdate": false,
        "IsKey": false,
        "ColumnName": "Description",
        "DataTypeValueUId": "ddb3a1ee-07e8-4d62-b7a9-d0e618b00fbd"
      },
      {
        "ColumnUId": "138395e7-8528-67d3-bf4b-21cb6bd7ffb1",
        "IsForceUpdate": false,
        "IsKey": false,
        "ColumnName": "NumberFormat",
        "DataTypeValueUId": "b295071f-7ea9-4e62-8d1a-919bf3732ff2"
      },
      {
        "ColumnUId": "2bcf9b58-9cd3-48ed-892e-c57dd8c6eede",
        "IsForceUpdate": false,
        "IsKey": false,
        "ColumnName": "SourceControlPassword",
        "DataTypeValueUId": "3509b9dd-2c90-4540-b82e-8f6ae85d8248"
      },
      {
        "ColumnUId": "d95527e7-b728-4142-8559-e9af9ee8d22d",
        "IsForceUpdate": false,
        "IsKey": false,
        "ColumnName": "DateTimeFormat",
        "DataTypeValueUId": "b295071f-7ea9-4e62-8d1a-919bf3732ff2"
      },
      {
        "ColumnUId": "66f943e0-29ef-4bc5-01db-c00b04a5a4cb",
        "IsForceUpdate": false,
        "IsKey": false,
        "ColumnName": "Phone",
        "DataTypeValueUId": "26cba63c-daf1-4f36-b2ea-73c0d675d90c"
      },
      {
        "ColumnUId": "48f37442-a2da-4407-9178-72073ba6b09f",
        "IsForceUpdate": false,
        "IsKey": false,
        "ColumnName": "Active",
        "DataTypeValueUId": "90b65bf8-0ffc-4141-8779-2420877af907"
      },
      {
        "ColumnUId": "14f78dc8-e6ef-48a4-b5e1-0fe3360ee7b3",
        "IsForceUpdate": false,
        "IsKey": false,
        "ColumnName": "Contact",
        "DataTypeValueUId": "b295071f-7ea9-4e62-8d1a-919bf3732ff2"
      },
      {
        "ColumnUId": "e80190a5-03b2-4095-90f7-a193a960adee",
        "IsForceUpdate": false,
        "IsKey": false,
        "ColumnName": "CreatedOn",
        "DataTypeValueUId": "d21e9ef4-c064-4012-b286-fa1a8171da44"
      },
      {
        "ColumnUId": "e51e9d6c-a0ac-4821-8a9d-2eb60a7fb0af",
        "IsForceUpdate": false,
        "IsKey": false,
        "ColumnName": "IsDirectoryEntry",
        "DataTypeValueUId": "90b65bf8-0ffc-4141-8779-2420877af907"
      },
      {
        "ColumnUId": "3b22d4df-9327-416d-b318-9e1d49334a6f",
        "IsForceUpdate": false,
        "IsKey": false,
        "ColumnName": "LDAPElement",
        "DataTypeValueUId": "b295071f-7ea9-4e62-8d1a-919bf3732ff2"
      },
      {
        "ColumnUId": "c619e945-1ea9-40ab-af0c-7e6f71f92ce7",
        "IsForceUpdate": false,
        "IsKey": false,
        "ColumnName": "SessionTimeout",
        "DataTypeValueUId": "6b6b74e2-820d-490e-a017-2b73d4ccf2b0"
      },
      {
        "ColumnUId": "b0cc6131-e034-4562-9526-3f3a81f0a161",
        "IsForceUpdate": false,
        "IsKey": false,
        "ColumnName": "LoggedIn",
        "DataTypeValueUId": "90b65bf8-0ffc-4141-8779-2420877af907"
      },
      {
        "ColumnUId": "b9e2d8e5-55b7-4b81-adb3-19796d751140",
        "IsForceUpdate": false,
        "IsKey": false,
        "ColumnName": "UnblockTime",
        "DataTypeValueUId": "d21e9ef4-c064-4012-b286-fa1a8171da44"
      },
      {
        "ColumnUId": "939bf64d-89a5-4613-9240-d0abc127dff5",
        "IsForceUpdate": false,
        "IsKey": false,
        "ColumnName": "SysCulture",
        "DataTypeValueUId": "b295071f-7ea9-4e62-8d1a-919bf3732ff2"
      },
      {
        "ColumnUId": "d05ec764-2e70-4238-b972-b5194cd493e7",
        "IsForceUpdate": false,
        "IsKey": false,
        "ColumnName": "SourceControlLogin",
        "DataTypeValueUId": "ddb3a1ee-07e8-4d62-b7a9-d0e618b00fbd"
      },
      {
        "ColumnUId": "192720c7-fff1-4244-a991-4c0bef609174",
        "IsForceUpdate": false,
        "IsKey": false,
        "ColumnName": "PortalAccount",
        "DataTypeValueUId": "b295071f-7ea9-4e62-8d1a-919bf3732ff2"
      },
      {
        "ColumnUId": "6bc5084a-56d6-40a1-a796-db979322ee81",
        "IsForceUpdate": false,
        "IsKey": false,
        "ColumnName": "LDAPEntry",
        "DataTypeValueUId": "ddb3a1ee-07e8-4d62-b7a9-d0e618b00fbd"
      },
      {
        "ColumnUId": "61e854be-0394-4c7c-b703-cd1ded0aab45",
        "IsForceUpdate": false,
        "IsKey": false,
        "ColumnName": "ConnectionType",
        "DataTypeValueUId": "6b6b74e2-820d-490e-a017-2b73d4ccf2b0"
      },
      {
        "ColumnUId": "c7d4cc94-ccea-4c6d-a600-0be32fb246e9",
        "IsForceUpdate": false,
        "IsKey": false,
        "ColumnName": "Account",
        "DataTypeValueUId": "b295071f-7ea9-4e62-8d1a-919bf3732ff2"
      },
      {
        "ColumnUId": "ac9e4b9c-ee3c-49de-b850-640e6e5027a6",
        "IsForceUpdate": false,
        "IsKey": false,
        "ColumnName": "UserPassword",
        "DataTypeValueUId": "ecbcce18-2a17-4ead-829a-9d02fa9578a4"
      },
      {
        "ColumnUId": "b06d0431-a020-469f-b929-77cb3e6d6170",
        "IsForceUpdate": false,
        "IsKey": false,
        "ColumnName": "HomePage",
        "DataTypeValueUId": "b295071f-7ea9-4e62-8d1a-919bf3732ff2"
      },
      {
        "ColumnUId": "083c3536-988b-7e52-29fc-fb146209611f",
        "IsForceUpdate": false,
        "IsKey": false,
        "ColumnName": "Email",
        "DataTypeValueUId": "ddb3a1ee-07e8-4d62-b7a9-d0e618b00fbd"
      },
      {
        "ColumnUId": "fa4483b3-a2db-4651-a462-689be18351e7",
        "IsForceUpdate": false,
        "IsKey": false,
        "ColumnName": "ParentRole",
        "DataTypeValueUId": "b295071f-7ea9-4e62-8d1a-919bf3732ff2"
      },
      {
        "ColumnUId": "7e132411-1beb-453b-9ed4-30141fcc0894",
        "IsForceUpdate": false,
        "IsKey": false,
        "ColumnName": "ForceChangePassword",
        "DataTypeValueUId": "90b65bf8-0ffc-4141-8779-2420877af907"
      },
      {
        "ColumnUId": "f55f68c3-6fa7-4f18-9fa7-cbd290313d6f",
        "IsForceUpdate": false,
        "IsKey": false,
        "ColumnName": "TimeZoneId",
        "DataTypeValueUId": "8b3f29bb-ea14-4ce5-a5c5-293a929b6ba2"
      },
      {
        "ColumnUId": "1a8cff58-add0-4390-b00c-f6f0da971c52",
        "IsForceUpdate": false,
        "IsKey": false,
        "ColumnName": "LoginAttemptCount",
        "DataTypeValueUId": "6b6b74e2-820d-490e-a017-2b73d4ccf2b0"
      },
      {
        "ColumnUId": "45170632-a64e-4639-bdd4-a260e339e3a6",
        "IsForceUpdate": false,
        "IsKey": false,
        "ColumnName": "SynchronizeWithLDAP",
        "DataTypeValueUId": "90b65bf8-0ffc-4141-8779-2420877af907"
      },
      {
        "ColumnUId": "9fe61fde-536b-4cef-9be7-d44a23ca6dfd",
        "IsForceUpdate": false,
        "IsKey": false,
        "ColumnName": "SysAdminUnitTypeValue",
        "DataTypeValueUId": "6b6b74e2-820d-490e-a017-2b73d4ccf2b0"
      },
      {
        "ColumnUId": "e27b5ec1-6d1b-db21-f883-9fff6231f106",
        "IsForceUpdate": false,
        "IsKey": false,
        "ColumnName": "WeekFirstDay",
        "DataTypeValueUId": "b295071f-7ea9-4e62-8d1a-919bf3732ff2"
      },
      {
        "ColumnUId": "afee2179-455d-4836-b29f-b2f136918669",
        "IsForceUpdate": false,
        "IsKey": false,
        "ColumnName": "LDAPEntryDN",
        "DataTypeValueUId": "5ca35f10-a101-4c67-a96a-383da6afacfc"
      }
    ]
  }
}