﻿{
  "PackageData": [
    {
      "Row": [
        {
          "SchemaColumnUId": "ae0e45ca-c495-4fe7-a39d-3ab7278e1617",
          "Value": "458fb0b0-2d91-4f3a-a881-3a3727c0bc5d"
        },
        {
          "SchemaColumnUId": "13aad544-ec30-4e76-a373-f0cff3202e24",
          "Value": "MySuperWebsiteURL"
        },
        {
          "SchemaColumnUId": "64fadca1-ab7c-4471-9d25-68599acc729b",
          "Value": false
        },
        {
          "SchemaColumnUId": "764cd95a-59b3-4060-b17f-2797d5c76aaa",
          "Value": false
        },
        {
          "SchemaColumnUId": "b2280617-35f9-4006-8634-c557a2e121c2",
          "Value": "null"
        },
        {
          "SchemaColumnUId": "e80190a5-03b2-4095-90f7-a193a960adee",
          "Value": "\/Date(1750235964344+0300)\/"
        },
        {
          "SchemaColumnUId": "eb971f1a-dd41-4668-99aa-1f2a6b61a1b9",
          "Value": true
        },
        {
          "SchemaColumnUId": "f7960a8a-1fd4-41d2-997a-fd78ea60075f",
          "Value": "MediumText"
        }
      ]
    }
  ]
}