﻿<?xml version="1.0" encoding="utf-8"?>
<Resources Culture="hu-HU">
	<Group Type="String">
		<Items>
			<Item Name="BaseElements.AddDataUserTask1.Parameters.ConsiderTimeInFilter.Caption" Value="Vegye figyelembe az időt a szűrőben" />
			<Item Name="BaseElements.AddDataUserTask1.Parameters.DataSourceFilters.Caption" Value="Adatforrás-szűrők" />
			<Item Name="BaseElements.AddDataUserTask1.Parameters.EntitySchemaId.Caption" Value="Tárgy" />
			<Item Name="BaseElements.AddDataUserTask1.Parameters.FilterEntitySchemaId.Caption" Value="Tárgy" />
			<Item Name="BaseElements.AddDataUserTask1.Parameters.RecordAddMode.Caption" Value="Rekordhozzáadási mód" />
			<Item Name="BaseElements.AddDataUserTask1.Parameters.RecordDefValues.Caption" Value="Oszlopértékek beállítása" />
			<Item Name="BaseElements.AddDataUserTask1.Parameters.RecordId.Caption" Value="Létrehozott rekordazonosító" />
			<Item Name="Caption" Value="Auto add realty visits process" />
		</Items>
	</Group>
</Resources>