﻿<?xml version="1.0" encoding="utf-8"?>
<Resources Culture="nl-NL">
	<Group Type="String">
		<Items>
			<Item Name="BaseElements.AddDataUserTask1.Parameters.ConsiderTimeInFilter.Caption" Value="Houd rekening met tijd in het filter" />
			<Item Name="BaseElements.AddDataUserTask1.Parameters.DataSourceFilters.Caption" Value="Gegevensbron filters" />
			<Item Name="BaseElements.AddDataUserTask1.Parameters.EntitySchemaId.Caption" Value="Object" />
			<Item Name="BaseElements.AddDataUserTask1.Parameters.FilterEntitySchemaId.Caption" Value="Object" />
			<Item Name="BaseElements.AddDataUserTask1.Parameters.RecordAddMode.Caption" Value="Record toevoegen status" />
			<Item Name="BaseElements.AddDataUserTask1.Parameters.RecordDefValues.Caption" Value="Stel kolomwaarden in" />
			<Item Name="BaseElements.AddDataUserTask1.Parameters.RecordId.Caption" Value="Record-ID gemaakt" />
			<Item Name="Caption" Value="Auto add realty visits process" />
		</Items>
	</Group>
</Resources>