﻿<?xml version="1.0" encoding="utf-8"?>
<Resources Culture="th-TH">
	<Group Type="String">
		<Items>
			<Item Name="BaseElements.AddDataUserTask1.Parameters.ConsiderTimeInFilter.Caption" Value="พิจารณาเวลาที่ใช้ในการกรอง" />
			<Item Name="BaseElements.AddDataUserTask1.Parameters.DataSourceFilters.Caption" Value="ตัวกรองแหล่งข้อมูล" />
			<Item Name="BaseElements.AddDataUserTask1.Parameters.EntitySchemaId.Caption" Value="ออบเจ็กต์" />
			<Item Name="BaseElements.AddDataUserTask1.Parameters.FilterEntitySchemaId.Caption" Value="ออบเจ็กต์" />
			<Item Name="BaseElements.AddDataUserTask1.Parameters.RecordAddMode.Caption" Value="โหมดการเพิ่มบันทึก" />
			<Item Name="BaseElements.AddDataUserTask1.Parameters.RecordDefValues.Caption" Value="สร้างค่าของคอลัมน์" />
			<Item Name="BaseElements.AddDataUserTask1.Parameters.RecordId.Caption" Value="ไอดีของบันทึกที่สร้าง" />
			<Item Name="Caption" Value="Auto add realty visits process" />
		</Items>
	</Group>
</Resources>