﻿<?xml version="1.0" encoding="utf-8"?>
<Resources Culture="ja-JP">
	<Group Type="String">
		<Items>
			<Item Name="BaseElements.AddDataUserTask1.Parameters.ConsiderTimeInFilter.Caption" Value="フィルターの時間を考慮" />
			<Item Name="BaseElements.AddDataUserTask1.Parameters.DataSourceFilters.Caption" Value="データソースフィルター" />
			<Item Name="BaseElements.AddDataUserTask1.Parameters.EntitySchemaId.Caption" Value="オブジェクト" />
			<Item Name="BaseElements.AddDataUserTask1.Parameters.FilterEntitySchemaId.Caption" Value="オブジェクト" />
			<Item Name="BaseElements.AddDataUserTask1.Parameters.RecordAddMode.Caption" Value="レコード追加モード" />
			<Item Name="BaseElements.AddDataUserTask1.Parameters.RecordDefValues.Caption" Value="列の値を設定" />
			<Item Name="BaseElements.AddDataUserTask1.Parameters.RecordId.Caption" Value="作成されたレコードID" />
			<Item Name="Caption" Value="Auto add realty visits process" />
		</Items>
	</Group>
</Resources>