﻿<?xml version="1.0" encoding="utf-8"?>
<Resources Culture="vi-VN">
	<Group Type="String">
		<Items>
			<Item Name="BaseElements.AddDataUserTask1.Parameters.ConsiderTimeInFilter.Caption" Value="Xem xét thời gian trong bộ lọc" />
			<Item Name="BaseElements.AddDataUserTask1.Parameters.DataSourceFilters.Caption" Value="Bộ lọc nguồn dữ liệu" />
			<Item Name="BaseElements.AddDataUserTask1.Parameters.EntitySchemaId.Caption" Value="Đối tượng" />
			<Item Name="BaseElements.AddDataUserTask1.Parameters.FilterEntitySchemaId.Caption" Value="Đối tượng" />
			<Item Name="BaseElements.AddDataUserTask1.Parameters.RecordAddMode.Caption" Value="Chế độ thêm bản ghi" />
			<Item Name="BaseElements.AddDataUserTask1.Parameters.RecordDefValues.Caption" Value="Cài đặt giá trị cột" />
			<Item Name="BaseElements.AddDataUserTask1.Parameters.RecordId.Caption" Value="Id bản ghi đã được tạo" />
			<Item Name="Caption" Value="Auto add realty visits process" />
		</Items>
	</Group>
</Resources>