﻿<?xml version="1.0" encoding="utf-8"?>
<Resources Culture="tr-TR">
	<Group Type="String">
		<Items>
			<Item Name="BaseElements.AddDataUserTask1.Parameters.ConsiderTimeInFilter.Caption" Value="Filtredeki zamanı göz önünde bulundurun" />
			<Item Name="BaseElements.AddDataUserTask1.Parameters.DataSourceFilters.Caption" Value="Veri kaynağı filtreleri" />
			<Item Name="BaseElements.AddDataUserTask1.Parameters.EntitySchemaId.Caption" Value="Nesne" />
			<Item Name="BaseElements.AddDataUserTask1.Parameters.FilterEntitySchemaId.Caption" Value="Nesne" />
			<Item Name="BaseElements.AddDataUserTask1.Parameters.RecordAddMode.Caption" Value="Kayıt ekleme modu" />
			<Item Name="BaseElements.AddDataUserTask1.Parameters.RecordDefValues.Caption" Value="Sütün değerlerini belirle" />
			<Item Name="BaseElements.AddDataUserTask1.Parameters.RecordId.Caption" Value="Kayıt numarası oluşturuldu" />
			<Item Name="Caption" Value="Auto add realty visits process" />
		</Items>
	</Group>
</Resources>