﻿<?xml version="1.0" encoding="utf-8"?>
<Resources Culture="en-US">
	<Group Type="String">
		<Items>
			<Item Name="BaseElements.AddDataUserTask1.Caption" Value="Add visit" />
			<Item Name="BaseElements.AddDataUserTask1.Parameters.ConsiderTimeInFilter.Caption" Value="Consider time in the filter" />
			<Item Name="BaseElements.AddDataUserTask1.Parameters.ConsiderTimeInFilter.DisplayValue" Value="true" />
			<Item Name="BaseElements.AddDataUserTask1.Parameters.DataSourceFilters.Caption" Value="Data source filters" />
			<Item Name="BaseElements.AddDataUserTask1.Parameters.EntitySchemaId.Caption" Value="Object" />
			<Item Name="BaseElements.AddDataUserTask1.Parameters.FilterEntitySchemaId.Caption" Value="Object" />
			<Item Name="BaseElements.AddDataUserTask1.Parameters.RecordAddMode.Caption" Value="Record adding mode" />
			<Item Name="BaseElements.AddDataUserTask1.Parameters.RecordDefValues.Caption" Value="Set column values" />
			<Item Name="BaseElements.AddDataUserTask1.Parameters.RecordDefValues.Value.1d893fdb-fb05-49fe-b009-a87058160d02.displayValue" Value="Auto added visit" />
			<Item Name="BaseElements.AddDataUserTask1.Parameters.RecordDefValues.Value.1d893fdb-fb05-49fe-b009-a87058160d02.value" Value="Auto added visit" />
			<Item Name="BaseElements.AddDataUserTask1.Parameters.RecordId.Caption" Value="Created record Id" />
			<Item Name="BaseElements.ConditionalSequenceFlow1.Caption" Value="N &gt; 0" />
			<Item Name="BaseElements.DefaultSequenceFlow1.Caption" Value="N == 0" />
			<Item Name="BaseElements.FormulaTask1.Caption" Value="N = N - 1" />
			<Item Name="BaseElements.FormulaTask2.Caption" Value="set Realty Id from insert signal" />
			<Item Name="BaseElements.FormulaTask3.Caption" Value="set RealtyId from update signal" />
			<Item Name="BaseElements.FormulaTask4.Caption" Value="N = 2" />
			<Item Name="BaseElements.StartSignal1.Caption" Value="Realty added" />
			<Item Name="BaseElements.StartSignal1.Parameters.RecordId.Caption" Value="Unique identifier of record" />
			<Item Name="BaseElements.StartSignal2.Caption" Value="Realty updated" />
			<Item Name="BaseElements.StartSignal2.Parameters.RecordId.Caption" Value="Unique identifier of record" />
			<Item Name="BaseElements.TerminateEvent1.Caption" Value="The end" />
			<Item Name="Caption" Value="Auto add realty visits process" />
			<Item Name="LaneSets.LaneSet1.Caption" Value="LaneSet 1" />
			<Item Name="LaneSets.LaneSet1.Lanes.Lane1.Caption" Value="Lane 1" />
			<Item Name="NotificationCaption.Caption" Value="Process instance caption" />
			<Item Name="NotificationCaption.DisplayValue" Value="[#Process name#]" />
			<Item Name="Parameters.NParameter.Caption" Value="N" />
			<Item Name="Parameters.NParameter.DisplayValue" Value="4" />
			<Item Name="Parameters.RealtyIdParameter.Caption" Value="Realty Id" />
		</Items>
	</Group>
</Resources>