﻿<?xml version="1.0" encoding="utf-8"?>
<Resources Culture="sq-AL">
	<Group Type="String">
		<Items>
			<Item Name="BaseElements.AddDataUserTask1.Parameters.ConsiderTimeInFilter.Caption" Value="Konsidero kohën në filtrim" />
			<Item Name="BaseElements.AddDataUserTask1.Parameters.DataSourceFilters.Caption" Value="Filtrat e burimit të të dhënave" />
			<Item Name="BaseElements.AddDataUserTask1.Parameters.EntitySchemaId.Caption" Value="Objekti" />
			<Item Name="BaseElements.AddDataUserTask1.Parameters.FilterEntitySchemaId.Caption" Value="Objekti" />
			<Item Name="BaseElements.AddDataUserTask1.Parameters.RecordAddMode.Caption" Value="Modaliteti i shtimit të të dhënave" />
			<Item Name="BaseElements.AddDataUserTask1.Parameters.RecordDefValues.Caption" Value="Përcakto vlerat e kolonës" />
			<Item Name="BaseElements.AddDataUserTask1.Parameters.RecordId.Caption" Value="Id e të dhënave të krijuara" />
			<Item Name="Caption" Value="Auto add realty visits process" />
		</Items>
	</Group>
</Resources>