﻿<?xml version="1.0" encoding="utf-8"?>
<Resources Culture="id-ID">
	<Group Type="String">
		<Items>
			<Item Name="BaseElements.AddDataUserTask1.Parameters.ConsiderTimeInFilter.Caption" Value="Pertimbangkan waktu dalam filter" />
			<Item Name="BaseElements.AddDataUserTask1.Parameters.DataSourceFilters.Caption" Value="Filter sumber data" />
			<Item Name="BaseElements.AddDataUserTask1.Parameters.EntitySchemaId.Caption" Value="Objek" />
			<Item Name="BaseElements.AddDataUserTask1.Parameters.FilterEntitySchemaId.Caption" Value="Objek" />
			<Item Name="BaseElements.AddDataUserTask1.Parameters.RecordAddMode.Caption" Value="Mode penambahan record" />
			<Item Name="BaseElements.AddDataUserTask1.Parameters.RecordDefValues.Caption" Value="Atur nilai kolom" />
			<Item Name="BaseElements.AddDataUserTask1.Parameters.RecordId.Caption" Value="Record Id yang telah dibuat" />
			<Item Name="Caption" Value="Auto add realty visits process" />
		</Items>
	</Group>
</Resources>