﻿<?xml version="1.0" encoding="utf-8"?>
<Resources Culture="zh-TW">
	<Group Type="String">
		<Items>
			<Item Name="BaseElements.AddDataUserTask1.Parameters.ConsiderTimeInFilter.Caption" Value="Consider time in the filter" />
			<Item Name="BaseElements.AddDataUserTask1.Parameters.DataSourceFilters.Caption" Value="Data source filters" />
			<Item Name="BaseElements.AddDataUserTask1.Parameters.EntitySchemaId.Caption" Value="Object" />
			<Item Name="BaseElements.AddDataUserTask1.Parameters.FilterEntitySchemaId.Caption" Value="Object" />
			<Item Name="BaseElements.AddDataUserTask1.Parameters.RecordAddMode.Caption" Value="記錄新增模式" />
			<Item Name="BaseElements.AddDataUserTask1.Parameters.RecordDefValues.Caption" Value="設定欄值" />
			<Item Name="BaseElements.AddDataUserTask1.Parameters.RecordId.Caption" Value="已建立記錄 ID" />
			<Item Name="Caption" Value="Auto add realty visits process" />
		</Items>
	</Group>
</Resources>