﻿<?xml version="1.0" encoding="utf-8"?>
<Resources Culture="fr-FR">
	<Group Type="String">
		<Items>
			<Item Name="BaseElements.AddDataUserTask1.Parameters.ConsiderTimeInFilter.Caption" Value="Définissez le temps dans le filtre" />
			<Item Name="BaseElements.AddDataUserTask1.Parameters.DataSourceFilters.Caption" Value="Filtres des sources de données" />
			<Item Name="BaseElements.AddDataUserTask1.Parameters.EntitySchemaId.Caption" Value="Objet" />
			<Item Name="BaseElements.AddDataUserTask1.Parameters.FilterEntitySchemaId.Caption" Value="Objet" />
			<Item Name="BaseElements.AddDataUserTask1.Parameters.RecordAddMode.Caption" Value="Module d'ajout d'enregistrement" />
			<Item Name="BaseElements.AddDataUserTask1.Parameters.RecordDefValues.Caption" Value="Définir la valeur des colonnes" />
			<Item Name="BaseElements.AddDataUserTask1.Parameters.RecordId.Caption" Value="L'Id de l'enregistrement a été créé" />
			<Item Name="Caption" Value="Auto add realty visits process" />
		</Items>
	</Group>
</Resources>