﻿<?xml version="1.0" encoding="utf-8"?>
<Resources Culture="ru-RU">
	<Group Type="String">
		<Items>
			<Item Name="BaseElements.LinkEntityToProcessUserTask1.Parameters.EntityId.Caption" Value="Объект" />
			<Item Name="BaseElements.LinkEntityToProcessUserTask1.Parameters.EntitySchemaId.Caption" Value="Схема объекта" />
			<Item Name="BaseElements.PreconfiguredPageUserTask1.Parameters.ActivityPriority.Caption" Value="Приоритет" />
			<Item Name="BaseElements.PreconfiguredPageUserTask1.Parameters.ActivityResult.Caption" Value="Результат активности" />
			<Item Name="BaseElements.PreconfiguredPageUserTask1.Parameters.ClientUnitSchemaUId.Caption" Value="Модуль" />
			<Item Name="BaseElements.PreconfiguredPageUserTask1.Parameters.CreateActivity.Caption" Value="Создать активность" />
			<Item Name="BaseElements.PreconfiguredPageUserTask1.Parameters.CurrentActivityId.Caption" Value="Id задачи" />
			<Item Name="BaseElements.PreconfiguredPageUserTask1.Parameters.Duration.Caption" Value="Длительность" />
			<Item Name="BaseElements.PreconfiguredPageUserTask1.Parameters.DurationPeriod.Caption" Value="Длительность (период)" />
			<Item Name="BaseElements.PreconfiguredPageUserTask1.Parameters.EntityId.Caption" Value="Объект" />
			<Item Name="BaseElements.PreconfiguredPageUserTask1.Parameters.EntitySchemaUId.Caption" Value="Схема объекта" />
			<Item Name="BaseElements.PreconfiguredPageUserTask1.Parameters.EntryPointId.Caption" Value="Точка входа" />
			<Item Name="BaseElements.PreconfiguredPageUserTask1.Parameters.InformationOnStep.Caption" Value="Информация по шагу" />
			<Item Name="BaseElements.PreconfiguredPageUserTask1.Parameters.IsActivityCompleted.Caption" Value="Активность завершена" />
			<Item Name="BaseElements.PreconfiguredPageUserTask1.Parameters.IsRunning.Caption" Value="Выполняется" />
			<Item Name="BaseElements.PreconfiguredPageUserTask1.Parameters.Module.Caption" Value="Модуль" />
			<Item Name="BaseElements.PreconfiguredPageUserTask1.Parameters.OwnerId.Caption" Value="Ответственный" />
			<Item Name="BaseElements.PreconfiguredPageUserTask1.Parameters.PressedButtonCode.Caption" Value="Код нажатой кнопки" />
			<Item Name="BaseElements.PreconfiguredPageUserTask1.Parameters.Recommendation.Caption" Value="Рекомендация" />
			<Item Name="BaseElements.PreconfiguredPageUserTask1.Parameters.RemindBefore.Caption" Value="За сколько напоминать ответственному" />
			<Item Name="BaseElements.PreconfiguredPageUserTask1.Parameters.RemindBeforePeriod.Caption" Value="За сколько напоминать ответственному (период)" />
			<Item Name="BaseElements.PreconfiguredPageUserTask1.Parameters.ShowExecutionPage.Caption" Value="Показывать страницу выполнения автоматически" />
			<Item Name="BaseElements.PreconfiguredPageUserTask1.Parameters.ShowExecutionPage.DisplayValue" Value="true" />
			<Item Name="BaseElements.PreconfiguredPageUserTask1.Parameters.ShowInScheduler.Caption" Value="Отображать в расписании" />
			<Item Name="BaseElements.PreconfiguredPageUserTask1.Parameters.StartIn.Caption" Value="Через сколько начать выполнение" />
			<Item Name="BaseElements.PreconfiguredPageUserTask1.Parameters.StartInPeriod.Caption" Value="Через сколько начать выполнение (период)" />
			<Item Name="BaseElements.PreconfiguredPageUserTask1.Parameters.Template.Caption" Value="Шаблон" />
			<Item Name="BaseElements.PreconfiguredPageUserTask1.Parameters.Title.Caption" Value="Заголовок" />
			<Item Name="BaseElements.PreconfiguredPageUserTask1.Parameters.Title.Value" Value="Average price output page" />
			<Item Name="BaseElements.PreconfiguredPageUserTask1.Parameters.Url.Caption" Value="Url" />
			<Item Name="BaseElements.PreconfiguredPageUserTask1.Parameters.UseCardProcessModule.Caption" Value="Использовать стандартный генератор страниц" />
			<Item Name="BaseElements.ReadDataUserTask1.Parameters.AggregationColumnName.Caption" Value="Имя колонки для агрегирующей функции" />
			<Item Name="BaseElements.ReadDataUserTask1.Parameters.CanReadUncommitedData.Caption" Value="Выполнять &quot;грязное чтение&quot;" />
			<Item Name="BaseElements.ReadDataUserTask1.Parameters.ConsiderTimeInFilter.Caption" Value="Учитывать время в фильтре" />
			<Item Name="BaseElements.ReadDataUserTask1.Parameters.DataSourceFilters.Caption" Value="Источник данных фильтров" />
			<Item Name="BaseElements.ReadDataUserTask1.Parameters.EntityColumnMetaPathes.Caption" Value="Перечень колонок для чтения" />
			<Item Name="BaseElements.ReadDataUserTask1.Parameters.FunctionType.Caption" Value="Тип агрегирующей функции" />
			<Item Name="BaseElements.ReadDataUserTask1.Parameters.IgnoreDisplayValues.Caption" Value="Не читать отображаемые значения колонок Справочников" />
			<Item Name="BaseElements.ReadDataUserTask1.Parameters.NumberOfRecords.Caption" Value="Количество записей для чтения" />
			<Item Name="BaseElements.ReadDataUserTask1.Parameters.OrderInfo.Caption" Value="Порядок сортировки колонок" />
			<Item Name="BaseElements.ReadDataUserTask1.Parameters.ReadSomeTopRecords.Caption" Value="Читать первые" />
			<Item Name="BaseElements.ReadDataUserTask1.Parameters.ResultCompositeObjectList.Caption" Value="Коллекция записей" />
			<Item Name="BaseElements.ReadDataUserTask1.Parameters.ResultCount.Caption" Value="Количество записей" />
			<Item Name="BaseElements.ReadDataUserTask1.Parameters.ResultDateTimeFunction.Caption" Value="Результат функции (Дата/Время)" />
			<Item Name="BaseElements.ReadDataUserTask1.Parameters.ResultEntity.Caption" Value="Первый элемент результирующей коллекции" />
			<Item Name="BaseElements.ReadDataUserTask1.Parameters.ResultEntityCollection.Caption" Value="Результирующая коллекция" />
			<Item Name="BaseElements.ReadDataUserTask1.Parameters.ResultFloatFunction.Caption" Value="Результат функции (Дробное число)" />
			<Item Name="BaseElements.ReadDataUserTask1.Parameters.ResultIntegerFunction.Caption" Value="Результат функции (Целое)" />
			<Item Name="BaseElements.ReadDataUserTask1.Parameters.ResultRowsCount.Caption" Value="Количество прочитанных записей" />
			<Item Name="BaseElements.ReadDataUserTask1.Parameters.ResultType.Caption" Value="Тип результата" />
			<Item Name="Caption" Value="Calculate average realty price process" />
		</Items>
	</Group>
</Resources>