﻿<?xml version="1.0" encoding="utf-8"?>
<Resources Culture="fr-FR">
	<Group Type="String">
		<Items>
			<Item Name="BaseElements.LinkEntityToProcessUserTask1.Parameters.EntityId.Caption" Value="Objet" />
			<Item Name="BaseElements.LinkEntityToProcessUserTask1.Parameters.EntitySchemaId.Caption" Value="Structure de l'objet" />
			<Item Name="BaseElements.PreconfiguredPageUserTask1.Parameters.ActivityPriority.Caption" Value="Priorité" />
			<Item Name="BaseElements.PreconfiguredPageUserTask1.Parameters.ActivityResult.Caption" Value="Résultat de l'activité" />
			<Item Name="BaseElements.PreconfiguredPageUserTask1.Parameters.ClientUnitSchemaUId.Caption" Value="Section" />
			<Item Name="BaseElements.PreconfiguredPageUserTask1.Parameters.CreateActivity.Caption" Value="Créer une activité" />
			<Item Name="BaseElements.PreconfiguredPageUserTask1.Parameters.CurrentActivityId.Caption" Value="Id de l'activité" />
			<Item Name="BaseElements.PreconfiguredPageUserTask1.Parameters.Duration.Caption" Value="Durée" />
			<Item Name="BaseElements.PreconfiguredPageUserTask1.Parameters.DurationPeriod.Caption" Value="Durée (période)" />
			<Item Name="BaseElements.PreconfiguredPageUserTask1.Parameters.EntityId.Caption" Value="Objet" />
			<Item Name="BaseElements.PreconfiguredPageUserTask1.Parameters.EntitySchemaUId.Caption" Value="Structure de l'objet" />
			<Item Name="BaseElements.PreconfiguredPageUserTask1.Parameters.EntryPointId.Caption" Value="Point d'entrée" />
			<Item Name="BaseElements.PreconfiguredPageUserTask1.Parameters.InformationOnStep.Caption" Value="Information relative à l'étape" />
			<Item Name="BaseElements.PreconfiguredPageUserTask1.Parameters.IsActivityCompleted.Caption" Value="Activité effectuée" />
			<Item Name="BaseElements.PreconfiguredPageUserTask1.Parameters.IsRunning.Caption" Value="En cours" />
			<Item Name="BaseElements.PreconfiguredPageUserTask1.Parameters.Module.Caption" Value="Module de la fiche" />
			<Item Name="BaseElements.PreconfiguredPageUserTask1.Parameters.OwnerId.Caption" Value="Responsable" />
			<Item Name="BaseElements.PreconfiguredPageUserTask1.Parameters.PressedButtonCode.Caption" Value="Code du bouton sur lequel l'utilisateur a cliqué" />
			<Item Name="BaseElements.PreconfiguredPageUserTask1.Parameters.Recommendation.Caption" Value="Recommandation" />
			<Item Name="BaseElements.PreconfiguredPageUserTask1.Parameters.RemindBefore.Caption" Value="Envoyer un rappel au responsable" />
			<Item Name="BaseElements.PreconfiguredPageUserTask1.Parameters.RemindBeforePeriod.Caption" Value="Envoyer un rappel au responsable (période)" />
			<Item Name="BaseElements.PreconfiguredPageUserTask1.Parameters.ShowExecutionPage.Caption" Value="Afficher la page d'exécution automatiquement" />
			<Item Name="BaseElements.PreconfiguredPageUserTask1.Parameters.ShowInScheduler.Caption" Value="Afficher dans le calendrier" />
			<Item Name="BaseElements.PreconfiguredPageUserTask1.Parameters.StartIn.Caption" Value="Démarrer l'exécution dans" />
			<Item Name="BaseElements.PreconfiguredPageUserTask1.Parameters.StartInPeriod.Caption" Value="Démarrer l'exécution dans (période)" />
			<Item Name="BaseElements.PreconfiguredPageUserTask1.Parameters.Template.Caption" Value="Modèle" />
			<Item Name="BaseElements.PreconfiguredPageUserTask1.Parameters.Title.Caption" Value="Titre" />
			<Item Name="BaseElements.PreconfiguredPageUserTask1.Parameters.Title.Value" Value="Average price output page" />
			<Item Name="BaseElements.PreconfiguredPageUserTask1.Parameters.Url.Caption" Value="Url" />
			<Item Name="BaseElements.PreconfiguredPageUserTask1.Parameters.UseCardProcessModule.Caption" Value="Utiliser le générateur de page standard" />
			<Item Name="Caption" Value="Calculate average realty price process" />
		</Items>
	</Group>
</Resources>