﻿<?xml version="1.0" encoding="utf-8"?>
<Resources Culture="he-IL">
	<Group Type="String">
		<Items>
			<Item Name="BaseElements.LinkEntityToProcessUserTask1.Parameters.EntityId.Caption" Value="אובייקט" />
			<Item Name="BaseElements.LinkEntityToProcessUserTask1.Parameters.EntitySchemaId.Caption" Value="סכימת אובייקט" />
			<Item Name="BaseElements.PreconfiguredPageUserTask1.Parameters.ActivityPriority.Caption" Value="עדיפות" />
			<Item Name="BaseElements.PreconfiguredPageUserTask1.Parameters.ActivityResult.Caption" Value="תוצאת פעילות" />
			<Item Name="BaseElements.PreconfiguredPageUserTask1.Parameters.ClientUnitSchemaUId.Caption" Value="מודול" />
			<Item Name="BaseElements.PreconfiguredPageUserTask1.Parameters.CreateActivity.Caption" Value="צור פעילות" />
			<Item Name="BaseElements.PreconfiguredPageUserTask1.Parameters.CurrentActivityId.Caption" Value="מזהה משימה" />
			<Item Name="BaseElements.PreconfiguredPageUserTask1.Parameters.Duration.Caption" Value="משך" />
			<Item Name="BaseElements.PreconfiguredPageUserTask1.Parameters.DurationPeriod.Caption" Value="משך (תקופה)" />
			<Item Name="BaseElements.PreconfiguredPageUserTask1.Parameters.EntityId.Caption" Value="אובייקט" />
			<Item Name="BaseElements.PreconfiguredPageUserTask1.Parameters.EntitySchemaUId.Caption" Value="סכימת אובייקט" />
			<Item Name="BaseElements.PreconfiguredPageUserTask1.Parameters.EntryPointId.Caption" Value="נקודת כניסה" />
			<Item Name="BaseElements.PreconfiguredPageUserTask1.Parameters.InformationOnStep.Caption" Value="מידע על שלב" />
			<Item Name="BaseElements.PreconfiguredPageUserTask1.Parameters.IsActivityCompleted.Caption" Value="פעילות הושלמה" />
			<Item Name="BaseElements.PreconfiguredPageUserTask1.Parameters.IsRunning.Caption" Value="Is active" />
			<Item Name="BaseElements.PreconfiguredPageUserTask1.Parameters.Module.Caption" Value="מודול כרטיס" />
			<Item Name="BaseElements.PreconfiguredPageUserTask1.Parameters.OwnerId.Caption" Value="בעלים" />
			<Item Name="BaseElements.PreconfiguredPageUserTask1.Parameters.PressedButtonCode.Caption" Value="קוד הכפתור שעליו הקליק המשתמש" />
			<Item Name="BaseElements.PreconfiguredPageUserTask1.Parameters.Recommendation.Caption" Value="המלצה" />
			<Item Name="BaseElements.PreconfiguredPageUserTask1.Parameters.RemindBefore.Caption" Value="הזכר לבעלים מראש" />
			<Item Name="BaseElements.PreconfiguredPageUserTask1.Parameters.RemindBeforePeriod.Caption" Value="הזכר לבעלים מראש (תקופה)" />
			<Item Name="BaseElements.PreconfiguredPageUserTask1.Parameters.ShowExecutionPage.Caption" Value="הצג את דף הביצוע באופן אוטומטי" />
			<Item Name="BaseElements.PreconfiguredPageUserTask1.Parameters.ShowInScheduler.Caption" Value="הצג בלוח השנה" />
			<Item Name="BaseElements.PreconfiguredPageUserTask1.Parameters.StartIn.Caption" Value="התחל להוציא לפועל ב" />
			<Item Name="BaseElements.PreconfiguredPageUserTask1.Parameters.StartInPeriod.Caption" Value="התחל להוציא לפועל ב (תקופה)" />
			<Item Name="BaseElements.PreconfiguredPageUserTask1.Parameters.Template.Caption" Value="תבנית" />
			<Item Name="BaseElements.PreconfiguredPageUserTask1.Parameters.Title.Caption" Value="כותרת" />
			<Item Name="BaseElements.PreconfiguredPageUserTask1.Parameters.Title.Value" Value="Average price output page" />
			<Item Name="BaseElements.PreconfiguredPageUserTask1.Parameters.Url.Caption" Value="Url" />
			<Item Name="BaseElements.PreconfiguredPageUserTask1.Parameters.UseCardProcessModule.Caption" Value="השתמש במודול תהליך כרטיסים סטנדרטי" />
			<Item Name="Caption" Value="Calculate average realty price process" />
		</Items>
	</Group>
</Resources>