﻿<?xml version="1.0" encoding="utf-8"?>
<Resources Culture="ar-SA">
	<Group Type="String">
		<Items>
			<Item Name="BaseElements.LinkEntityToProcessUserTask1.Parameters.EntityId.Caption" Value="الكائن" />
			<Item Name="BaseElements.LinkEntityToProcessUserTask1.Parameters.EntitySchemaId.Caption" Value="مخطط الكائن" />
			<Item Name="BaseElements.PreconfiguredPageUserTask1.Parameters.ActivityPriority.Caption" Value="الأولوية" />
			<Item Name="BaseElements.PreconfiguredPageUserTask1.Parameters.ActivityResult.Caption" Value="حصيلة النشاط" />
			<Item Name="BaseElements.PreconfiguredPageUserTask1.Parameters.ClientUnitSchemaUId.Caption" Value="وحدة" />
			<Item Name="BaseElements.PreconfiguredPageUserTask1.Parameters.CreateActivity.Caption" Value="إنشاء نشاط" />
			<Item Name="BaseElements.PreconfiguredPageUserTask1.Parameters.CurrentActivityId.Caption" Value="معرف المهمة" />
			<Item Name="BaseElements.PreconfiguredPageUserTask1.Parameters.Duration.Caption" Value="المدة" />
			<Item Name="BaseElements.PreconfiguredPageUserTask1.Parameters.DurationPeriod.Caption" Value="المدة (الفترة)" />
			<Item Name="BaseElements.PreconfiguredPageUserTask1.Parameters.EntityId.Caption" Value="الكائن" />
			<Item Name="BaseElements.PreconfiguredPageUserTask1.Parameters.EntitySchemaUId.Caption" Value="مخطط الكائن" />
			<Item Name="BaseElements.PreconfiguredPageUserTask1.Parameters.EntryPointId.Caption" Value="نقطة الإدخال" />
			<Item Name="BaseElements.PreconfiguredPageUserTask1.Parameters.InformationOnStep.Caption" Value="معلومات عن الخطوة" />
			<Item Name="BaseElements.PreconfiguredPageUserTask1.Parameters.IsActivityCompleted.Caption" Value="النشاط مكتمل" />
			<Item Name="BaseElements.PreconfiguredPageUserTask1.Parameters.IsRunning.Caption" Value="في طور التشغيل" />
			<Item Name="BaseElements.PreconfiguredPageUserTask1.Parameters.Module.Caption" Value="وحدة البطاقة" />
			<Item Name="BaseElements.PreconfiguredPageUserTask1.Parameters.OwnerId.Caption" Value="المالك" />
			<Item Name="BaseElements.PreconfiguredPageUserTask1.Parameters.PressedButtonCode.Caption" Value="شفرة الزر الذي نقر فوقه المستخدم" />
			<Item Name="BaseElements.PreconfiguredPageUserTask1.Parameters.Recommendation.Caption" Value="توصية" />
			<Item Name="BaseElements.PreconfiguredPageUserTask1.Parameters.RemindBefore.Caption" Value="تذكير المالك مقدما" />
			<Item Name="BaseElements.PreconfiguredPageUserTask1.Parameters.RemindBeforePeriod.Caption" Value="قم بتذكير المالك مقدما (الفترة)" />
			<Item Name="BaseElements.PreconfiguredPageUserTask1.Parameters.ShowExecutionPage.Caption" Value="إظهار صفحة التنفيذ تلقائياً" />
			<Item Name="BaseElements.PreconfiguredPageUserTask1.Parameters.ShowInScheduler.Caption" Value="أدرج في جدول الأعمال" />
			<Item Name="BaseElements.PreconfiguredPageUserTask1.Parameters.StartIn.Caption" Value="بدء التنفيذ في" />
			<Item Name="BaseElements.PreconfiguredPageUserTask1.Parameters.StartInPeriod.Caption" Value="بدء التنفيذ في (فترة)" />
			<Item Name="BaseElements.PreconfiguredPageUserTask1.Parameters.Template.Caption" Value="قالب" />
			<Item Name="BaseElements.PreconfiguredPageUserTask1.Parameters.Title.Caption" Value="العنوان" />
			<Item Name="BaseElements.PreconfiguredPageUserTask1.Parameters.Title.Value" Value="Average price output page" />
			<Item Name="BaseElements.PreconfiguredPageUserTask1.Parameters.Url.Caption" Value="الرابط" />
			<Item Name="BaseElements.PreconfiguredPageUserTask1.Parameters.UseCardProcessModule.Caption" Value="استخدام مولد الصفحة الإعتيادية" />
			<Item Name="Caption" Value="Calculate average realty price process" />
		</Items>
	</Group>
</Resources>