﻿<?xml version="1.0" encoding="utf-8"?>
<Resources Culture="sv-SE">
	<Group Type="String">
		<Items>
			<Item Name="BaseElements.LinkEntityToProcessUserTask1.Parameters.EntityId.Caption" Value="Objekt" />
			<Item Name="BaseElements.LinkEntityToProcessUserTask1.Parameters.EntitySchemaId.Caption" Value="Objektschema" />
			<Item Name="BaseElements.PreconfiguredPageUserTask1.Parameters.ActivityPriority.Caption" Value="Prioritet" />
			<Item Name="BaseElements.PreconfiguredPageUserTask1.Parameters.ActivityResult.Caption" Value="Resultat på Aktivitet" />
			<Item Name="BaseElements.PreconfiguredPageUserTask1.Parameters.ClientUnitSchemaUId.Caption" Value="Modul" />
			<Item Name="BaseElements.PreconfiguredPageUserTask1.Parameters.CreateActivity.Caption" Value="Skapa aktivitet" />
			<Item Name="BaseElements.PreconfiguredPageUserTask1.Parameters.CurrentActivityId.Caption" Value="Uppgift-ID" />
			<Item Name="BaseElements.PreconfiguredPageUserTask1.Parameters.Duration.Caption" Value="Frist" />
			<Item Name="BaseElements.PreconfiguredPageUserTask1.Parameters.DurationPeriod.Caption" Value="Frist (tid)" />
			<Item Name="BaseElements.PreconfiguredPageUserTask1.Parameters.EntityId.Caption" Value="Objekt" />
			<Item Name="BaseElements.PreconfiguredPageUserTask1.Parameters.EntitySchemaUId.Caption" Value="Objektschema" />
			<Item Name="BaseElements.PreconfiguredPageUserTask1.Parameters.EntryPointId.Caption" Value="Startpunkt" />
			<Item Name="BaseElements.PreconfiguredPageUserTask1.Parameters.InformationOnStep.Caption" Value="Info på steg" />
			<Item Name="BaseElements.PreconfiguredPageUserTask1.Parameters.IsActivityCompleted.Caption" Value="Aktivitet färdig" />
			<Item Name="BaseElements.PreconfiguredPageUserTask1.Parameters.IsRunning.Caption" Value="Körs" />
			<Item Name="BaseElements.PreconfiguredPageUserTask1.Parameters.Module.Caption" Value="Kortmodul" />
			<Item Name="BaseElements.PreconfiguredPageUserTask1.Parameters.OwnerId.Caption" Value="Ägare" />
			<Item Name="BaseElements.PreconfiguredPageUserTask1.Parameters.PressedButtonCode.Caption" Value="Kod för knappen som användaren klickade" />
			<Item Name="BaseElements.PreconfiguredPageUserTask1.Parameters.Recommendation.Caption" Value="Rekommendation" />
			<Item Name="BaseElements.PreconfiguredPageUserTask1.Parameters.RemindBefore.Caption" Value="Påminn ägare i förtid" />
			<Item Name="BaseElements.PreconfiguredPageUserTask1.Parameters.RemindBeforePeriod.Caption" Value="Påminn ägare i förtid (tid)" />
			<Item Name="BaseElements.PreconfiguredPageUserTask1.Parameters.ShowExecutionPage.Caption" Value="Visa exekverings-sida automatiskt" />
			<Item Name="BaseElements.PreconfiguredPageUserTask1.Parameters.ShowInScheduler.Caption" Value="Visa i kalender" />
			<Item Name="BaseElements.PreconfiguredPageUserTask1.Parameters.StartIn.Caption" Value="Starta exekvering om" />
			<Item Name="BaseElements.PreconfiguredPageUserTask1.Parameters.StartInPeriod.Caption" Value="Starta exekvering om (tid)" />
			<Item Name="BaseElements.PreconfiguredPageUserTask1.Parameters.Template.Caption" Value="Mall" />
			<Item Name="BaseElements.PreconfiguredPageUserTask1.Parameters.Title.Caption" Value="Titel" />
			<Item Name="BaseElements.PreconfiguredPageUserTask1.Parameters.Title.Value" Value="Average price output page" />
			<Item Name="BaseElements.PreconfiguredPageUserTask1.Parameters.Url.Caption" Value="Url" />
			<Item Name="BaseElements.PreconfiguredPageUserTask1.Parameters.UseCardProcessModule.Caption" Value="Använd standardsidegenerator" />
			<Item Name="Caption" Value="Calculate average realty price process" />
		</Items>
	</Group>
</Resources>