﻿{
  "PackageData": [
    {
      "Row": [
        {
          "SchemaColumnUId": "ae0e45ca-c495-4fe7-a39d-3ab7278e1617",
          "Value": "6bc838a0-9530-4424-80ea-0d83ebd6d970"
        },
        {
          "SchemaColumnUId": "0e3d3857-2203-40e4-b1ec-8e972007650e",
          "Value": "c10fb747-57f1-4790-aad3-c3f4da6d6c58",
          "DisplayValue": "Studio"
        },
        {
          "SchemaColumnUId": "991cf5ef-ffb8-49a5-add3-074a595f6c43",
          "Value": "5071277c-27f2-4d5f-83da-0ed00d04ffee",
          "DisplayValue": "Process library"
        },
        {
          "SchemaColumnUId": "bd12ea8e-2bc2-42bf-925a-3ab766cc0b9f",
          "Value": 1
        },
        {
          "SchemaColumnUId": "e80190a5-03b2-4095-90f7-a193a960adee",
          "Value": "\/Date(1563225083920+0300)\/"
        }
      ]
    },
    {
      "Row": [
        {
          "SchemaColumnUId": "ae0e45ca-c495-4fe7-a39d-3ab7278e1617",
          "Value": "eaad0486-6f0d-4476-8adb-d53fd59b768c"
        },
        {
          "SchemaColumnUId": "0e3d3857-2203-40e4-b1ec-8e972007650e",
          "Value": "c10fb747-57f1-4790-aad3-c3f4da6d6c58",
          "DisplayValue": "Studio"
        },
        {
          "SchemaColumnUId": "991cf5ef-ffb8-49a5-add3-074a595f6c43",
          "Value": "c2879bef-2586-4d44-abf5-ccc5c19363d9",
          "DisplayValue": "Realty"
        },
        {
          "SchemaColumnUId": "bd12ea8e-2bc2-42bf-925a-3ab766cc0b9f",
          "Value": 0
        },
        {
          "SchemaColumnUId": "e80190a5-03b2-4095-90f7-a193a960adee",
          "Value": "\/Date(1750329911443+0300)\/"
        }
      ]
    },
    {
      "Row": [
        {
          "SchemaColumnUId": "ae0e45ca-c495-4fe7-a39d-3ab7278e1617",
          "Value": "feacbf56-eadd-4220-858a-acfc9bcb5b79"
        },
        {
          "SchemaColumnUId": "0e3d3857-2203-40e4-b1ec-8e972007650e",
          "Value": "c10fb747-57f1-4790-aad3-c3f4da6d6c58",
          "DisplayValue": "Studio"
        },
        {
          "SchemaColumnUId": "991cf5ef-ffb8-49a5-add3-074a595f6c43",
          "Value": "b42b4eae-e3ee-41da-a546-fac1f2ba3a32",
          "DisplayValue": "Process log"
        },
        {
          "SchemaColumnUId": "bd12ea8e-2bc2-42bf-925a-3ab766cc0b9f",
          "Value": 2
        },
        {
          "SchemaColumnUId": "e80190a5-03b2-4095-90f7-a193a960adee",
          "Value": "\/Date(1563225083934+0300)\/"
        }
      ]
    }
  ]
}