﻿{
  "Descriptor": {
    "UId": "4e7e5048-7aed-a472-5ddc-179a7f1c1c55",
    "Name": "SysModuleInWorkplace_Realty_Studio",
    "ModifiedOnUtc": "\/Date(1751025721000)\/",
    "InstallType": 0,
    "Schema": {
      "UId": "a8b20179-02be-4a13-8908-9fc51cb9f66d",
      "Name": "SysModuleInWorkplace"
    },
    "Columns": [
      {
        "ColumnUId": "991cf5ef-ffb8-49a5-add3-074a595f6c43",
        "IsForceUpdate": false,
        "IsKey": false,
        "ColumnName": "SysModule",
        "DataTypeValueUId": "b295071f-7ea9-4e62-8d1a-919bf3732ff2"
      },
      {
        "ColumnUId": "bd12ea8e-2bc2-42bf-925a-3ab766cc0b9f",
        "IsForceUpdate": true,
        "IsKey": false,
        "ColumnName": "Position",
        "DataTypeValueUId": "6b6b74e2-820d-490e-a017-2b73d4ccf2b0"
      },
      {
        "ColumnUId": "ae0e45ca-c495-4fe7-a39d-3ab7278e1617",
        "IsForceUpdate": false,
        "IsKey": true,
        "ColumnName": "Id",
        "DataTypeValueUId": "23018567-a13c-4320-8687-fd6f9e3699bd"
      },
      {
        "ColumnUId": "0e3d3857-2203-40e4-b1ec-8e972007650e",
        "IsForceUpdate": false,
        "IsKey": false,
        "ColumnName": "SysWorkplace",
        "DataTypeValueUId": "b295071f-7ea9-4e62-8d1a-919bf3732ff2"
      },
      {
        "ColumnUId": "e80190a5-03b2-4095-90f7-a193a960adee",
        "IsForceUpdate": false,
        "IsKey": false,
        "ColumnName": "CreatedOn",
        "DataTypeValueUId": "d21e9ef4-c064-4012-b286-fa1a8171da44"
      }
    ]
  }
}