﻿{
  "PackageData": [
    {
      "Row": [
        {
          "SchemaColumnUId": "ae0e45ca-c495-4fe7-a39d-3ab7278e1617",
          "Value": "db3bcfd2-996c-4b24-8db8-0a473842af13"
        },
        {
          "SchemaColumnUId": "91bcbbaa-7f66-4cbf-9de4-9170da8b8d4b",
          "Value": "056ce32d-4a6f-4c48-a4fb-753f39ce736e"
        },
        {
          "SchemaColumnUId": "91f76f42-e24d-4ebd-95b3-5b5517e917c3",
          "Value": "null"
        },
        {
          "SchemaColumnUId": "e80190a5-03b2-4095-90f7-a193a960adee",
          "Value": "\/Date(1750155854309+0300)\/"
        }
      ]
    }
  ]
}