﻿{
  "PackageData": [
    {
      "Row": [
        {
          "SchemaColumnUId": "ae0e45ca-c495-4fe7-a39d-3ab7278e1617",
          "Value": "763c2159-0d85-48e4-8f01-d0120ad6452e"
        },
        {
          "SchemaColumnUId": "8b099885-e3bc-4585-920d-a497f2611e2c",
          "Value": "null",
          "DisplayValue": ""
        },
        {
          "SchemaColumnUId": "91bcbbaa-7f66-4cbf-9de4-9170da8b8d4b",
          "Value": "5617e477-a0fb-497e-a9aa-f4a0fd52f76c"
        },
        {
          "SchemaColumnUId": "91f76f42-e24d-4ebd-95b3-5b5517e917c3",
          "Value": "null"
        },
        {
          "SchemaColumnUId": "9928edec-4272-425a-93bb-48743fee4b04",
          "Value": "\/Date(1750324755651+0300)\/"
        },
        {
          "SchemaColumnUId": "e80190a5-03b2-4095-90f7-a193a960adee",
          "Value": "\/Date(1750324755651+0300)\/"
        }
      ]
    }
  ]
}