﻿{
  "Descriptor": {
    "UId": "763c2159-0d85-48e4-8f01-d0120ad6452e",
    "Name": "Lookup_RealtyTypes",
    "ModifiedOnUtc": "\/Date(1750324818000)\/",
    "InstallType": 0,
    "Schema": {
      "UId": "2aecdb97-990e-4c17-96f4-240ca6531c84",
      "Name": "Lookup"
    },
    "Columns": [
      {
        "ColumnUId": "009571ab-9c5d-4a20-bf83-dd499ed5a833",
        "IsForceUpdate": true,
        "IsKey": false,
        "ColumnName": "Description",
        "DataTypeValueUId": "c0f04627-4620-4bc0-84e5-9419dc8516b1"
      },
      {
        "ColumnUId": "8b099885-e3bc-4585-920d-a497f2611e2c",
        "IsForceUpdate": false,
        "IsKey": false,
        "ColumnName": "SysLookup",
        "DataTypeValueUId": "b295071f-7ea9-4e62-8d1a-919bf3732ff2"
      },
      {
        "ColumnUId": "ae0e45ca-c495-4fe7-a39d-3ab7278e1617",
        "IsForceUpdate": false,
        "IsKey": true,
        "ColumnName": "Id",
        "DataTypeValueUId": "23018567-a13c-4320-8687-fd6f9e3699bd"
      },
      {
        "ColumnUId": "91bcbbaa-7f66-4cbf-9de4-9170da8b8d4b",
        "IsForceUpdate": true,
        "IsKey": false,
        "ColumnName": "SysEntitySchemaUId",
        "DataTypeValueUId": "23018567-a13c-4320-8687-fd6f9e3699bd"
      },
      {
        "ColumnUId": "91f76f42-e24d-4ebd-95b3-5b5517e917c3",
        "IsForceUpdate": true,
        "IsKey": false,
        "ColumnName": "SysPageSchemaUId",
        "DataTypeValueUId": "23018567-a13c-4320-8687-fd6f9e3699bd"
      },
      {
        "ColumnUId": "547bff8d-f717-4316-846c-3ff1f0e36e6e",
        "IsForceUpdate": true,
        "IsKey": false,
        "ColumnName": "Name",
        "DataTypeValueUId": "ddb3a1ee-07e8-4d62-b7a9-d0e618b00fbd"
      },
      {
        "ColumnUId": "9928edec-4272-425a-93bb-48743fee4b04",
        "IsForceUpdate": false,
        "IsKey": false,
        "ColumnName": "ModifiedOn",
        "DataTypeValueUId": "d21e9ef4-c064-4012-b286-fa1a8171da44"
      },
      {
        "ColumnUId": "e80190a5-03b2-4095-90f7-a193a960adee",
        "IsForceUpdate": false,
        "IsKey": false,
        "ColumnName": "CreatedOn",
        "DataTypeValueUId": "d21e9ef4-c064-4012-b286-fa1a8171da44"
      }
    ]
  }
}