﻿{
  "PackageData": [
    {
      "Row": [
        {
          "SchemaColumnUId": "ae0e45ca-c495-4fe7-a39d-3ab7278e1617",
          "Value": "4b9f6524-e181-400f-b3c7-a1b752f6a89d"
        },
        {
          "SchemaColumnUId": "0fde6f1e-22c5-48c7-9c89-6f0031e270de",
          "Value": "458fb0b0-2d91-4f3a-a881-3a3727c0bc5d",
          "DisplayValue": "My Super Website URL"
        },
        {
          "SchemaColumnUId": "23c7dde8-7cf5-4f18-9d76-0fa4179ee931",
          "Value": "null"
        },
        {
          "SchemaColumnUId": "297f4697-d071-4be2-8509-9090c07dfe18",
          "Value": false
        },
        {
          "SchemaColumnUId": "34f73492-296e-4a73-95f7-e7de5a3b3509",
          "Value": "null"
        },
        {
          "SchemaColumnUId": "55472376-a4dd-40da-86c6-975ce4b898fa",
          "Value": false
        },
        {
          "SchemaColumnUId": "8f1984bb-7bef-4220-9b49-9a12d0ebcd68",
          "Value": "a29a3ba5-4b0d-de11-9a51-005056c00008",
          "DisplayValue": "All employees"
        },
        {
          "SchemaColumnUId": "af6013ce-7387-4619-b4f4-30c4276fcfac",
          "Value": "https://reddit.com"
        },
        {
          "SchemaColumnUId": "b1ffd2d8-2bd3-4c46-b9c0-782afb0996c0",
          "Value": 0.00
        },
        {
          "SchemaColumnUId": "b36bfa07-34c7-45b1-a2ee-39e653034ba0",
          "Value": 0
        },
        {
          "SchemaColumnUId": "e80190a5-03b2-4095-90f7-a193a960adee",
          "Value": "\/Date(1750235964453+0300)\/"
        },
        {
          "SchemaColumnUId": "f1bc0b27-2c46-4cae-ad23-3b8940587d4f",
          "Value": 2147483647
        },
        {
          "SchemaColumnUId": "ffd545dd-d2de-40d7-8b07-20654613bb20",
          "Value": "null"
        }
      ]
    }
  ]
}