﻿{
  "PackageData": [
    {
      "Row": [
        {
          "SchemaColumnUId": "ae0e45ca-c495-4fe7-a39d-3ab7278e1617",
          "ColumnName": "Id",
          "Value": "db3bcfd2-996c-4b24-8db8-0a473842af13"
        },
        {
          "SchemaColumnUId": "009571ab-9c5d-4a20-bf83-dd499ed5a833",
          "ColumnName": "Description",
          "Value": ""
        },
        {
          "SchemaColumnUId": "547bff8d-f717-4316-846c-3ff1f0e36e6e",
          "ColumnName": "Name",
          "Value": "Traffic lights"
        }
      ]
    }
  ]
}