﻿{
  "PackageData": [
    {
      "Row": [
        {
          "SchemaColumnUId": "ae0e45ca-c495-4fe7-a39d-3ab7278e1617",
          "ColumnName": "Id",
          "Value": "ee827ef3-944e-48ef-ab84-412213f19087"
        },
        {
          "SchemaColumnUId": "3da3c3b2-02fb-4cca-80c3-7946d4e8f565",
          "ColumnName": "Caption",
          "Value": "Realty type"
        },
        {
          "SchemaColumnUId": "48b260f5-5aad-608c-73a9-2b835ef697f4",
          "ColumnName": "Description",
          "Value": ""
        },
        {
          "SchemaColumnUId": "7b904e78-84bf-408c-a7a1-1287e66837d3",
          "ColumnName": "ModuleHeader",
          "Value": ""
        }
      ]
    }
  ]
}