﻿{
  "Descriptor": {
    "UId": "c725dd16-5456-49a7-ac6d-9fd6b5217427",
    "Name": "UsrRealtyCategory_Values",
    "ModifiedOnUtc": "\/Date(1750756111000)\/",
    "InstallType": 0,
    "Schema": {
      "UId": "c725dd16-5456-49a7-ac6d-9fd6b5217427",
      "Name": "UsrRealtyCategory"
    },
    "Columns": [
      {
        "ColumnUId": "9e53fd7c-dde4-4502-a64c-b9e34148108b",
        "IsForceUpdate": false,
        "IsKey": false,
        "ColumnName": "Description",
        "DataTypeValueUId": "ddb3a1ee-07e8-4d62-b7a9-d0e618b00fbd"
      },
      {
        "ColumnUId": "736c30a7-c0ec-4fa9-b034-2552b319b633",
        "IsForceUpdate": false,
        "IsKey": false,
        "ColumnName": "Name",
        "DataTypeValueUId": "ddb3a1ee-07e8-4d62-b7a9-d0e618b00fbd"
      },
      {
        "ColumnUId": "e80190a5-03b2-4095-90f7-a193a960adee",
        "IsForceUpdate": false,
        "IsKey": false,
        "ColumnName": "CreatedOn",
        "DataTypeValueUId": "d21e9ef4-c064-4012-b286-fa1a8171da44"
      },
      {
        "ColumnUId": "9928edec-4272-425a-93bb-48743fee4b04",
        "IsForceUpdate": false,
        "IsKey": false,
        "ColumnName": "ModifiedOn",
        "DataTypeValueUId": "d21e9ef4-c064-4012-b286-fa1a8171da44"
      },
      {
        "ColumnUId": "ae0e45ca-c495-4fe7-a39d-3ab7278e1617",
        "IsForceUpdate": false,
        "IsKey": true,
        "ColumnName": "Id",
        "DataTypeValueUId": "23018567-a13c-4320-8687-fd6f9e3699bd"
      },
      {
        "ColumnUId": "dc842c5d-d3b1-2bb5-f59d-9001c30ac9c7",
        "IsForceUpdate": false,
        "IsKey": false,
        "ColumnName": "UsrMyColor",
        "DataTypeValueUId": "dafb71f9-ee9f-4e0b-a4d7-37aa15987155"
      }
    ]
  }
}