﻿{
  "Descriptor": {
    "UId": "148d7a58-6697-c106-0a12-5d663d511cd2",
    "Name": "Lookup_ContactAge",
    "ModifiedOnUtc": "\/Date(1750241074000)\/",
    "InstallType": 0,
    "Schema": {
      "UId": "2aecdb97-990e-4c17-96f4-240ca6531c84",
      "Name": "Lookup"
    },
    "Columns": [
      {
        "ColumnUId": "e80190a5-03b2-4095-90f7-a193a960adee",
        "IsForceUpdate": false,
        "IsKey": false,
        "ColumnName": "CreatedOn",
        "DataTypeValueUId": "d21e9ef4-c064-4012-b286-fa1a8171da44"
      },
      {
        "ColumnUId": "547bff8d-f717-4316-846c-3ff1f0e36e6e",
        "IsForceUpdate": false,
        "IsKey": false,
        "ColumnName": "Name",
        "DataTypeValueUId": "ddb3a1ee-07e8-4d62-b7a9-d0e618b00fbd"
      },
      {
        "ColumnUId": "009571ab-9c5d-4a20-bf83-dd499ed5a833",
        "IsForceUpdate": false,
        "IsKey": false,
        "ColumnName": "Description",
        "DataTypeValueUId": "c0f04627-4620-4bc0-84e5-9419dc8516b1"
      },
      {
        "ColumnUId": "91bcbbaa-7f66-4cbf-9de4-9170da8b8d4b",
        "IsForceUpdate": false,
        "IsKey": false,
        "ColumnName": "SysEntitySchemaUId",
        "DataTypeValueUId": "23018567-a13c-4320-8687-fd6f9e3699bd"
      },
      {
        "ColumnUId": "91f76f42-e24d-4ebd-95b3-5b5517e917c3",
        "IsForceUpdate": false,
        "IsKey": false,
        "ColumnName": "SysPageSchemaUId",
        "DataTypeValueUId": "23018567-a13c-4320-8687-fd6f9e3699bd"
      },
      {
        "ColumnUId": "ae0e45ca-c495-4fe7-a39d-3ab7278e1617",
        "IsForceUpdate": false,
        "IsKey": true,
        "ColumnName": "Id",
        "DataTypeValueUId": "23018567-a13c-4320-8687-fd6f9e3699bd"
      }
    ]
  }
}