﻿{
  "PackageData": [
    {
      "Row": [
        {
          "SchemaColumnUId": "ae0e45ca-c495-4fe7-a39d-3ab7278e1617",
          "Value": "0d548387-fa37-4a01-ad3d-1248dcccb3fe"
        },
        {
          "SchemaColumnUId": "9928edec-4272-425a-93bb-48743fee4b04",
          "Value": "\/Date(1750329648014+0300)\/"
        },
        {
          "SchemaColumnUId": "b06e54e9-3e44-fe4e-4ae2-0fe6e0ba24a2",
          "Value": "#EE00AA"
        },
        {
          "SchemaColumnUId": "e80190a5-03b2-4095-90f7-a193a960adee",
          "Value": "\/Date(1750324894043+0300)\/"
        },
        {
          "SchemaColumnUId": "e86949e7-1ee6-4277-8e20-982a9c673fdb",
          "Value": false
        }
      ]
    },
    {
      "Row": [
        {
          "SchemaColumnUId": "ae0e45ca-c495-4fe7-a39d-3ab7278e1617",
          "Value": "5d915dfa-6cdf-40d9-91ac-a90809a39725"
        },
        {
          "SchemaColumnUId": "9928edec-4272-425a-93bb-48743fee4b04",
          "Value": "\/Date(1750329626813+0300)\/"
        },
        {
          "SchemaColumnUId": "b06e54e9-3e44-fe4e-4ae2-0fe6e0ba24a2",
          "Value": "#080808"
        },
        {
          "SchemaColumnUId": "e80190a5-03b2-4095-90f7-a193a960adee",
          "Value": "\/Date(1750324886906+0300)\/"
        },
        {
          "SchemaColumnUId": "e86949e7-1ee6-4277-8e20-982a9c673fdb",
          "Value": true
        }
      ]
    },
    {
      "Row": [
        {
          "SchemaColumnUId": "ae0e45ca-c495-4fe7-a39d-3ab7278e1617",
          "Value": "ac8b9d27-b6ce-4467-a7b3-9854a747376c"
        },
        {
          "SchemaColumnUId": "9928edec-4272-425a-93bb-48743fee4b04",
          "Value": "\/Date(1750329605162+0300)\/"
        },
        {
          "SchemaColumnUId": "b06e54e9-3e44-fe4e-4ae2-0fe6e0ba24a2",
          "Value": "#EE0000"
        },
        {
          "SchemaColumnUId": "e80190a5-03b2-4095-90f7-a193a960adee",
          "Value": "\/Date(1750324876849+0300)\/"
        },
        {
          "SchemaColumnUId": "e86949e7-1ee6-4277-8e20-982a9c673fdb",
          "Value": false
        }
      ]
    },
    {
      "Row": [
        {
          "SchemaColumnUId": "ae0e45ca-c495-4fe7-a39d-3ab7278e1617",
          "Value": "e7631bb6-5f48-46a7-ae8d-cfb5f3f1ed3d"
        },
        {
          "SchemaColumnUId": "9928edec-4272-425a-93bb-48743fee4b04",
          "Value": "\/Date(1750329616498+0300)\/"
        },
        {
          "SchemaColumnUId": "b06e54e9-3e44-fe4e-4ae2-0fe6e0ba24a2",
          "Value": "#00FF00"
        },
        {
          "SchemaColumnUId": "e80190a5-03b2-4095-90f7-a193a960adee",
          "Value": "\/Date(1750324881962+0300)\/"
        },
        {
          "SchemaColumnUId": "e86949e7-1ee6-4277-8e20-982a9c673fdb",
          "Value": false
        }
      ]
    }
  ]
}