﻿{
  "Descriptor": {
    "UId": "6006da24-0bf1-47f8-81ba-ee6c6ead89ea",
    "Name": "SysModule_UsrRealty",
    "ModifiedOnUtc": "\/Date(1750320678000)\/",
    "InstallType": 0,
    "Schema": {
      "UId": "2b2ed767-0b4b-4a7b-9de2-d48e14a2c0c5",
      "Name": "SysModule"
    },
    "Columns": [
      {
        "ColumnUId": "f3a29fb6-f13d-443e-8360-d4f51e8bcec8",
        "IsForceUpdate": true,
        "IsKey": false,
        "ColumnName": "TypeColumnValue",
        "DataTypeValueUId": "23018567-a13c-4320-8687-fd6f9e3699bd"
      },
      {
        "ColumnUId": "eea74681-e019-4885-9a1e-e8261f2665ea",
        "IsForceUpdate": true,
        "IsKey": false,
        "ColumnName": "GlobalSearchAvailable",
        "DataTypeValueUId": "90b65bf8-0ffc-4141-8779-2420877af907"
      },
      {
        "ColumnUId": "48ed5be5-6dcd-44ba-6294-a29c8daef880",
        "IsForceUpdate": true,
        "IsKey": false,
        "ColumnName": "IconBackground",
        "DataTypeValueUId": "325a73b8-0f47-44a0-8412-7606f78003ac"
      },
      {
        "ColumnUId": "6d827ba7-a622-47cc-8f11-b40b91c7441a",
        "IsForceUpdate": true,
        "IsKey": false,
        "ColumnName": "Image16",
        "DataTypeValueUId": "fa6e6e49-b996-475e-a77e-73904e4c5a88"
      },
      {
        "ColumnUId": "80769c54-f4f4-43cb-93f8-0824715969a6",
        "IsForceUpdate": true,
        "IsKey": false,
        "ColumnName": "HasRecent",
        "DataTypeValueUId": "90b65bf8-0ffc-4141-8779-2420877af907"
      },
      {
        "ColumnUId": "e6243d2b-cc8f-4b2d-8646-36bac9fb48e9",
        "IsForceUpdate": true,
        "IsKey": false,
        "ColumnName": "SysModuleVisa",
        "DataTypeValueUId": "b295071f-7ea9-4e62-8d1a-919bf3732ff2"
      },
      {
        "ColumnUId": "d57c3c34-e293-4aed-bff6-91dc90408958",
        "IsForceUpdate": true,
        "IsKey": false,
        "ColumnName": "SectionModuleSchemaUId",
        "DataTypeValueUId": "23018567-a13c-4320-8687-fd6f9e3699bd"
      },
      {
        "ColumnUId": "dedaabd6-732d-47ac-b229-50a8ee02292c",
        "IsForceUpdate": true,
        "IsKey": false,
        "ColumnName": "IsSystem",
        "DataTypeValueUId": "90b65bf8-0ffc-4141-8779-2420877af907"
      },
      {
        "ColumnUId": "d3afc924-2d21-4c0e-b2f3-9f8c180221f9",
        "IsForceUpdate": true,
        "IsKey": false,
        "ColumnName": "FolderMode",
        "DataTypeValueUId": "b295071f-7ea9-4e62-8d1a-919bf3732ff2"
      },
      {
        "ColumnUId": "af5bbb5e-9c78-44b7-8fdd-2bfc4353b4a8",
        "IsForceUpdate": true,
        "IsKey": false,
        "ColumnName": "SectionSchemaUId",
        "DataTypeValueUId": "23018567-a13c-4320-8687-fd6f9e3699bd"
      },
      {
        "ColumnUId": "34dfc288-1b25-4d53-bdf3-16b58a84e276",
        "IsForceUpdate": true,
        "IsKey": false,
        "ColumnName": "HasAnalytics",
        "DataTypeValueUId": "90b65bf8-0ffc-4141-8779-2420877af907"
      },
      {
        "ColumnUId": "bd3cf32d-f9b5-471b-a0ca-f541296b979d",
        "IsForceUpdate": true,
        "IsKey": false,
        "ColumnName": "Attribute",
        "DataTypeValueUId": "325a73b8-0f47-44a0-8412-7606f78003ac"
      },
      {
        "ColumnUId": "b3fefb7f-2aab-4b16-97aa-6ca3f3bd7ac2",
        "IsForceUpdate": true,
        "IsKey": false,
        "ColumnName": "SysPageSchemaUId",
        "DataTypeValueUId": "23018567-a13c-4320-8687-fd6f9e3699bd"
      },
      {
        "ColumnUId": "327a0dc4-df63-4f6e-9d33-bc403d284cb6",
        "IsForceUpdate": true,
        "IsKey": false,
        "ColumnName": "CardSchemaUId",
        "DataTypeValueUId": "23018567-a13c-4320-8687-fd6f9e3699bd"
      },
      {
        "ColumnUId": "ed272316-b65f-41db-a9b4-e53ab939e4d6",
        "IsForceUpdate": true,
        "IsKey": false,
        "ColumnName": "Image20",
        "DataTypeValueUId": "fa6e6e49-b996-475e-a77e-73904e4c5a88"
      },
      {
        "ColumnUId": "3da3c3b2-02fb-4cca-80c3-7946d4e8f565",
        "IsForceUpdate": true,
        "IsKey": false,
        "ColumnName": "Caption",
        "DataTypeValueUId": "325a73b8-0f47-44a0-8412-7606f78003ac"
      },
      {
        "ColumnUId": "3f098e0d-6cbd-4e8f-bc3e-00709f2d8d82",
        "IsForceUpdate": true,
        "IsKey": false,
        "ColumnName": "SysModuleEntity",
        "DataTypeValueUId": "b295071f-7ea9-4e62-8d1a-919bf3732ff2"
      },
      {
        "ColumnUId": "380d55b9-487c-429b-9aff-e04101ffc307",
        "IsForceUpdate": true,
        "IsKey": false,
        "ColumnName": "Logo",
        "DataTypeValueUId": "b039feb0-ee7c-4884-8aa6-d6d45d84316f"
      },
      {
        "ColumnUId": "1e4741cc-9a6e-446f-9865-5f5910fadd67",
        "IsForceUpdate": true,
        "IsKey": false,
        "ColumnName": "Type",
        "DataTypeValueUId": "6b6b74e2-820d-490e-a017-2b73d4ccf2b0"
      },
      {
        "ColumnUId": "ae0e45ca-c495-4fe7-a39d-3ab7278e1617",
        "IsForceUpdate": true,
        "IsKey": true,
        "ColumnName": "Id",
        "DataTypeValueUId": "23018567-a13c-4320-8687-fd6f9e3699bd"
      },
      {
        "ColumnUId": "cb4bb1d2-d369-406e-8150-502dd7af2199",
        "IsForceUpdate": true,
        "IsKey": false,
        "ColumnName": "CardModuleUId",
        "DataTypeValueUId": "23018567-a13c-4320-8687-fd6f9e3699bd"
      },
      {
        "ColumnUId": "48b260f5-5aad-608c-73a9-2b835ef697f4",
        "IsForceUpdate": true,
        "IsKey": false,
        "ColumnName": "Description",
        "DataTypeValueUId": "c0f04627-4620-4bc0-84e5-9419dc8516b1"
      },
      {
        "ColumnUId": "a0fd39b2-b680-4515-ac3c-72322db4f1b8",
        "IsForceUpdate": true,
        "IsKey": false,
        "ColumnName": "HasActions",
        "DataTypeValueUId": "90b65bf8-0ffc-4141-8779-2420877af907"
      },
      {
        "ColumnUId": "7b904e78-84bf-408c-a7a1-1287e66837d3",
        "IsForceUpdate": true,
        "IsKey": false,
        "ColumnName": "ModuleHeader",
        "DataTypeValueUId": "325a73b8-0f47-44a0-8412-7606f78003ac"
      },
      {
        "ColumnUId": "e0c474a3-e4bc-457e-bb67-c1ec1b399f60",
        "IsForceUpdate": true,
        "IsKey": false,
        "ColumnName": "Code",
        "DataTypeValueUId": "ddb3a1ee-07e8-4d62-b7a9-d0e618b00fbd"
      },
      {
        "ColumnUId": "63f1eb37-455a-4a53-ace2-fa5ef4c3d10f",
        "IsForceUpdate": true,
        "IsKey": false,
        "ColumnName": "Image32",
        "DataTypeValueUId": "b039feb0-ee7c-4884-8aa6-d6d45d84316f"
      },
      {
        "ColumnUId": "9a366fd1-19c8-4ba7-9bdd-039f164c08ec",
        "IsForceUpdate": true,
        "IsKey": false,
        "ColumnName": "HelpContextId",
        "DataTypeValueUId": "ddb3a1ee-07e8-4d62-b7a9-d0e618b00fbd"
      }
    ]
  }
}