﻿{
  "PackageData": [
    {
      "Row": [
        {
          "SchemaColumnUId": "ae0e45ca-c495-4fe7-a39d-3ab7278e1617",
          "Value": "06992e3b-51ec-44ce-a2f3-2ebf359108f6"
        },
        {
          "SchemaColumnUId": "9928edec-4272-425a-93bb-48743fee4b04",
          "Value": "\/Date(1750237427595+0300)\/"
        },
        {
          "SchemaColumnUId": "e80190a5-03b2-4095-90f7-a193a960adee",
          "Value": "\/Date(1750155886488+0300)\/"
        }
      ]
    },
    {
      "Row": [
        {
          "SchemaColumnUId": "ae0e45ca-c495-4fe7-a39d-3ab7278e1617",
          "Value": "93802d90-6a1e-428c-9fe7-493e12ae0f83"
        },
        {
          "SchemaColumnUId": "9928edec-4272-425a-93bb-48743fee4b04",
          "Value": "\/Date(1750155893777+0300)\/"
        },
        {
          "SchemaColumnUId": "e80190a5-03b2-4095-90f7-a193a960adee",
          "Value": "\/Date(1750155893777+0300)\/"
        }
      ]
    },
    {
      "Row": [
        {
          "SchemaColumnUId": "ae0e45ca-c495-4fe7-a39d-3ab7278e1617",
          "Value": "d525128f-6b86-4085-ae4c-e99b7b7aa7be"
        },
        {
          "SchemaColumnUId": "9928edec-4272-425a-93bb-48743fee4b04",
          "Value": "\/Date(1750155880711+0300)\/"
        },
        {
          "SchemaColumnUId": "e80190a5-03b2-4095-90f7-a193a960adee",
          "Value": "\/Date(1750155880711+0300)\/"
        }
      ]
    }
  ]
}