﻿{
  "Descriptor": {
    "UId": "9aee5c2d-0a5d-c7c7-4caa-a700d193de2f",
    "Name": "UsrTrafficLight",
    "ModifiedOnUtc": "\/Date(1750237780000)\/",
    "InstallType": 0,
    "Schema": {
      "UId": "056ce32d-4a6f-4c48-a4fb-753f39ce736e",
      "Name": "UsrTrafficLight"
    },
    "Columns": [
      {
        "ColumnUId": "9e53fd7c-dde4-4502-a64c-b9e34148108b",
        "IsForceUpdate": true,
        "IsKey": false,
        "ColumnName": "Description",
        "DataTypeValueUId": "ddb3a1ee-07e8-4d62-b7a9-d0e618b00fbd"
      },
      {
        "ColumnUId": "9928edec-4272-425a-93bb-48743fee4b04",
        "IsForceUpdate": true,
        "IsKey": false,
        "ColumnName": "ModifiedOn",
        "DataTypeValueUId": "d21e9ef4-c064-4012-b286-fa1a8171da44"
      },
      {
        "ColumnUId": "e80190a5-03b2-4095-90f7-a193a960adee",
        "IsForceUpdate": true,
        "IsKey": false,
        "ColumnName": "CreatedOn",
        "DataTypeValueUId": "d21e9ef4-c064-4012-b286-fa1a8171da44"
      },
      {
        "ColumnUId": "ae0e45ca-c495-4fe7-a39d-3ab7278e1617",
        "IsForceUpdate": false,
        "IsKey": true,
        "ColumnName": "Id",
        "DataTypeValueUId": "23018567-a13c-4320-8687-fd6f9e3699bd"
      },
      {
        "ColumnUId": "736c30a7-c0ec-4fa9-b034-2552b319b633",
        "IsForceUpdate": true,
        "IsKey": false,
        "ColumnName": "Name",
        "DataTypeValueUId": "ddb3a1ee-07e8-4d62-b7a9-d0e618b00fbd"
      }
    ]
  }
}