{
  "PackageData": [
    {
      "Row": [
        {
          "SchemaColumnUId": "ae0e45ca-c495-4fe7-a39d-3ab7278e1617",
          "Value": "0d3544ad-06dd-4c41-b2d2-cbd64f699b9a"
        },
        {
          "SchemaColumnUId": "bd12ea8e-2bc2-42bf-925a-3ab766cc0b9f",
          "Value": 26
        },
        {
          "SchemaColumnUId": "0e3d3857-2203-40e4-b1ec-8e972007650e",
          "Value": "c9969eef-85a8-4d8c-87ab-5cb6dc4534a0",
          "DisplayValue": "My applications"
        },
        {
          "SchemaColumnUId": "991cf5ef-ffb8-49a5-add3-074a595f6c43",
          "Value": "ee827ef3-944e-48ef-ab84-412213f19087",
          "DisplayValue": "Realty type"
        }
      ]
    }
  ]
}