﻿{
  "Descriptor": {
    "UId": "33eb3e8e-f54c-4727-859e-b6b08b60208e",
    "Name": "SysModuleInWorkplace_UsrRealtyType",
    "ModifiedOnUtc": "\/Date(1751023256000)\/",
    "InstallType": 0,
    "Schema": {
      "UId": "a8b20179-02be-4a13-8908-9fc51cb9f66d",
      "Name": "SysModuleInWorkplace"
    },
    "Columns": [
      {
        "ColumnUId": "991cf5ef-ffb8-49a5-add3-074a595f6c43",
        "IsForceUpdate": false,
        "IsKey": false,
        "ColumnName": "SysModule",
        "DataTypeValueUId": "b295071f-7ea9-4e62-8d1a-919bf3732ff2"
      },
      {
        "ColumnUId": "ae0e45ca-c495-4fe7-a39d-3ab7278e1617",
        "IsForceUpdate": false,
        "IsKey": true,
        "ColumnName": "Id",
        "DataTypeValueUId": "23018567-a13c-4320-8687-fd6f9e3699bd"
      },
      {
        "ColumnUId": "0e3d3857-2203-40e4-b1ec-8e972007650e",
        "IsForceUpdate": false,
        "IsKey": false,
        "ColumnName": "SysWorkplace",
        "DataTypeValueUId": "b295071f-7ea9-4e62-8d1a-919bf3732ff2"
      },
      {
        "ColumnUId": "bd12ea8e-2bc2-42bf-925a-3ab766cc0b9f",
        "IsForceUpdate": false,
        "IsKey": false,
        "ColumnName": "Position",
        "DataTypeValueUId": "6b6b74e2-820d-490e-a017-2b73d4ccf2b0"
      }
    ]
  }
}