﻿{
  "PackageData": [
    {
      "Row": [
        {
          "SchemaColumnUId": "ae0e45ca-c495-4fe7-a39d-3ab7278e1617",
          "Value": "51c27b3f-e238-4642-89d4-f0f63ededb33"
        },
        {
          "SchemaColumnUId": "9928edec-4272-425a-93bb-48743fee4b04",
          "Value": "\/Date(1750669161344+0300)\/"
        },
        {
          "SchemaColumnUId": "c014b4b8-9998-194c-1b89-5aa1c7f56456",
          "Value": 50.00
        },
        {
          "SchemaColumnUId": "e80190a5-03b2-4095-90f7-a193a960adee",
          "Value": "\/Date(1750325021971+0300)\/"
        }
      ]
    },
    {
      "Row": [
        {
          "SchemaColumnUId": "ae0e45ca-c495-4fe7-a39d-3ab7278e1617",
          "Value": "b588824b-52c1-4e9c-b8a9-56bfc68c3bf4"
        },
        {
          "SchemaColumnUId": "9928edec-4272-425a-93bb-48743fee4b04",
          "Value": "\/Date(1750669154810+0300)\/"
        },
        {
          "SchemaColumnUId": "c014b4b8-9998-194c-1b89-5aa1c7f56456",
          "Value": 2.00
        },
        {
          "SchemaColumnUId": "e80190a5-03b2-4095-90f7-a193a960adee",
          "Value": "\/Date(1750325015680+0300)\/"
        }
      ]
    }
  ]
}