﻿{
  "Descriptor": {
    "UId": "be088cd5-c1d4-4353-b615-087963413652",
    "Name": "UsrRealtyOfferType_Values",
    "ModifiedOnUtc": "\/Date(1750669258000)\/",
    "InstallType": 0,
    "Schema": {
      "UId": "be088cd5-c1d4-4353-b615-087963413652",
      "Name": "UsrRealtyOfferType"
    },
    "Columns": [
      {
        "ColumnUId": "e80190a5-03b2-4095-90f7-a193a960adee",
        "IsForceUpdate": false,
        "IsKey": false,
        "ColumnName": "CreatedOn",
        "DataTypeValueUId": "d21e9ef4-c064-4012-b286-fa1a8171da44"
      },
      {
        "ColumnUId": "736c30a7-c0ec-4fa9-b034-2552b319b633",
        "IsForceUpdate": false,
        "IsKey": false,
        "ColumnName": "Name",
        "DataTypeValueUId": "ddb3a1ee-07e8-4d62-b7a9-d0e618b00fbd"
      },
      {
        "ColumnUId": "c014b4b8-9998-194c-1b89-5aa1c7f56456",
        "IsForceUpdate": true,
        "IsKey": false,
        "ColumnName": "UsrCommissionPercent",
        "DataTypeValueUId": "5cc8060d-6d10-4773-89fc-8c12d6f659a6"
      },
      {
        "ColumnUId": "ae0e45ca-c495-4fe7-a39d-3ab7278e1617",
        "IsForceUpdate": false,
        "IsKey": true,
        "ColumnName": "Id",
        "DataTypeValueUId": "23018567-a13c-4320-8687-fd6f9e3699bd"
      },
      {
        "ColumnUId": "9e53fd7c-dde4-4502-a64c-b9e34148108b",
        "IsForceUpdate": false,
        "IsKey": false,
        "ColumnName": "Description",
        "DataTypeValueUId": "ddb3a1ee-07e8-4d62-b7a9-d0e618b00fbd"
      },
      {
        "ColumnUId": "9928edec-4272-425a-93bb-48743fee4b04",
        "IsForceUpdate": false,
        "IsKey": false,
        "ColumnName": "ModifiedOn",
        "DataTypeValueUId": "d21e9ef4-c064-4012-b286-fa1a8171da44"
      }
    ]
  }
}