﻿{
  "PackageData": [
    {
      "Row": [
        {
          "SchemaColumnUId": "ae0e45ca-c495-4fe7-a39d-3ab7278e1617",
          "ColumnName": "Id",
          "Value": "e5a0e55e-9525-4672-8c66-a9ffe32f4d86"
        },
        {
          "SchemaColumnUId": "009571ab-9c5d-4a20-bf83-dd499ed5a833",
          "ColumnName": "Description",
          "Value": ""
        },
        {
          "SchemaColumnUId": "547bff8d-f717-4316-846c-3ff1f0e36e6e",
          "ColumnName": "Name",
          "Value": ""
        }
      ]
    }
  ]
}